,Title,Review,Rating
0,Go for any other company rather than this company if are investing huge money.,OnePlus you trash I bought new OnePlus 6t on January for 38k- 128gb 6gb-ram varient and now OnePlus 7 is launched for for 33k-128gb 6gb varient. What kind of game is this brand playing with its customers. Seriously you wanna be Apple started increasing price of your phone and now when you realise that it's not possible for you to stay in the market you decreased the price of your next phone. This shows how week one plus is. It doesn't have the balls to compete and retain its customers.,1.0
1,Worst performance,"Camera was shutting off suddenly and charging was not upto the mark service centre was not doing well,heating issue on voice calls think I ve got defective piece",4.0
2,Best phone,Best phone,5.0
3,Mobile is good know at reasonable cost.,"Everything is fine & up to the mark, with reasonable cost & oxygen os software is something unique and super fast in comparison to other android phones.",4.0
4,Satisfied :),"The delivery was fast and the phone is awesome. I have been using it for months now, and the review just keeps getting more positive.",5.0
5,good,all the features are awesome,5.0
6,VFM,"Fingerprint reader although cool, is sluggish",4.0
7,Oneplus is best product is oneplus 6t,Very complicated product se very good,5.0
8,Perfect 1 with good camera,Good device but want to see what difference will bring with oneplus 7...,5.0
9,Awesome,Perfect at this price,5.0
10,Not too good,Phone hanging problem even 6gb ram . Finger print not proper working,2.0
11,Good phone except for the battery,Touch is little concern..rest all ok.battery gets charged fast enough..but gets drained very quickly.,4.0
12,Great features and grand performance .,All features are very nice and user friendly.,5.0
13,Not hai good phone seriously not satisfied,My phone is not working properly some days before the motherboard has been replace but the problem hasn‚Äôt been solved,1.0
14,Best,Best,5.0
15,Value for price,Amazing phone under this price,4.0
16,Best phone in the world for me,Super phone fastest phone till now in my life 10 GB ram,5.0
17,Zin zing zing zhigat,Best phone ever,5.0
18,About price decrease,I am very sad because I bought 6T the price 41999/-But after one month the price decrease to 32000/-its very bad,1.0
19,Perfect smartphone,Loved the phone,5.0
20,"Good Phone but camera can be better, Value for money !!",Oneplus has always been my favourite device. This is my 3rd Oneplus phone  and I have decided to use Oneplus for life.Pros:Great battery lifeAmazing performancePremium designIn display fingerprint scanner is really fastface recognition is goodDash charging is one of the highlight of the phone.- - - - - - - - - - - - - - - - - - - - - - - - - - - - - - - - - - - - -Cons:No headphone jack but you'll get a converterThere is no notification ledNo Memory card slotAll glass this makes the phone fragileBit HeavyWeak camera quality in this price range4.5 OUT OF 5 - Sachin Soni,4.0
21,Premium phone,This is one of my dream phone. Speed is awesome and front camera is ok not so great as compared to other phone. But rear camera is cool. Till now no issue.. Oxygen is cool and easy to customise... Overall it's killer phone got just exchange discount with my MI A1.,5.0
22,Substandard quality,The phone comtinously hangs,1.0
23,Perfect buy,Superb phone. Loved it. Great speed and easy to use. Light weight compared to models of similar screen size.,5.0
24,Good,Good product,4.0
25,Speed in work,Dont have words to express its speed and  working loving it .,5.0
26,Speed Goods,Amazing Mobile,5.0
27,My Dream Phone,Nothing bad words for 6TJust love it,5.0
28,Faulty sensor,Fingerprint sensor is not at all working and it's been only 4days I bought it.. Don't buy such a waste of money.,1.0
29,Value for money,"Best quality premium phone by one plus. Good touch, long battery life and tough built quality. Good amera quality even in low light.",5.0
30,I love the phone. Its looks sexy and easy to use,I love the phone. Worth of money i spend,5.0
31,Faulty finger print need replacement,Finger print is not  working,2.0
32,"6GB Ram at 29,999.","In one of the mall 6GB is sold at 29,999.",3.0
33,Not worth money.,"One plus 6t was marketed as best smartphone of the market but it's not. I have used this for 3-4 months to tell difference. Before this I've used MI phone and they are better when it comes to user interface.Cons1. On screen fingerprint sensor is horrible. Face detection is horrible. Night time u have to use ur code to unlock ur phone.2. If you have google chromecast then one plus is a bad choice. U cannot caste amazing time video on TV. U can caste device but it'll show blind screen. Also u cannot watch HD quality on Netflix.3. It has major glich for sound. Sometimes u cannot reduce or increase sound it'll stay the same. If u r listening song and u connect bullet headphones then sound doesn't transfer to headphone, it'll continue from mobile speakers. Also it has lot of issues with Bluetooth, when disconnected from car Bluetooth device there is problem again with sound button. U have to restart ur phone to make it workable. The problem with is sound button is actually software problem and it's very annoying.4. It doesn't have IR sensor for universal remote. Which is very useful.Pros1. It's very fast.2. Camera is good quality.3. Speed charging is very good. I get full battery within 40 minute charge.Overall I am bit disappointed using this phone because they have not done proper research on user interface. Doesn't give premium feeling. My previous MI phone was very good in that case. Absolutely not worth 40k.",3.0
34,Not satisfied,Dissatisfied ..not hearing I incoming calls voice.,1.0
35,Battery week,Battery life is week üò≠üò´üò£üò£,5.0
36,Amazing,Nice smartphone,5.0
37,love it,wonderfullove this phone,5.0
38,Beat phone till date,"Camera quality , speed of phone , charging speed all are working excellent",5.0
39,Its gud,Hi,5.0
40,Nice one,Very good phone,5.0
41,Awesome phone,Is good the phone is awesome camera is wonderful..,5.0
42,One plus 6t,Very good,5.0
43,Poor inbuilt finger print and camera,"OnePlus used to be the best,its having amazing speed and performance.but camera is not good as we see in demo phone in store.finger print also not satisfied.rest everything is awesome.",3.0
44,"Best mobile. But, rate may be reduced.",Cost of mobile Higher.,5.0
45,awesome video,Nice product,5.0
46,Performance,"Good smartphone, looks premium",5.0
47,It has hanging problem,Phone is local,3.0
48,Good but,Everything is amazing I don't have to explain but fingerprint scanner is slow.,5.0
49,Pathetic Battery Life,Phone is getting heatup on charging and battery is draining very fast!!!,1.0
50,Jeeban,Fantastic thanks OnePlus,5.0
51,My opinion on this phone,"This phone is best in this price range. Camera quality is best battery life is excellent and it's quick charger is really very quick. At the start you might face issue with the fingerprint sensor but when you get use to it,it becomes handy",5.0
52,Handset,Awesome,5.0
53,Its excellent,Iam very much satisfied,5.0
54,Value for money,Decent n value for money,5.0
55,V.gud,V.good bettry backup,5.0
56,Go for it,Good product,5.0
57,Fully satisfied,Fully satisfied,5.0
58,Good,Camera Qwaliti is normal,5.0
59,Good,Good,5.0
60,Good phone,Nice one,5.0
61,Superb phone,Superfast phone,5.0
62,Just go for it,Too good,5.0
63,Worth for money,Best mobile I have used so far,5.0
64,Very poor experience with Amazon,Finger sensor not working,3.0
65,Good,Good,5.0
66,Very Good,Very Good,5.0
67,BUY KARO FRIEND'S NO ONE,NICE PRODUCT,4.0
68,Awesome product..,Great features with super fast RAM,5.0
69,Battery,Battery life,4.0
70,1 of the best phone.,Best phone under this price segment,4.0
71,Beautiful piece of machinery.,"Everything about the device is amazing but only one thing disappoints me, The notification slider. It's built quality is okay. If it matches the quality of Apple, then I'd have no complaints. I hope the company will work on this issue in the models to come.",4.0
72,#oneplus7series,#oneplus7series,5.0
73,1 plus 6t,"As expected, it's amazing",5.0
74,Best,"One of the best phone,packing of oneplus,desing and build quality of oneplus is awesome.I love oneplus devices.",5.0
75,Excellent plus,Best gaming phone till I used,5.0
76,It is best in this segment,It is best in this segment,5.0
77,Right side speaker not working,Mobile was good I got it yesterday from Amazon only the problem is tight side speaker not working what can I do now,4.0
78,Happy with OnePlus 6t,"My 6t fell from 2nd floor facing the display floor side, to the surprise the screen didn't even get a single scratch.. Rest are - Design is good, smooth performance, camera quality is fine, battery life is also good enough but Finger print reader is not good at all, it doesn't work most of the time..",5.0
79,"Product is good, Amazon's delivery to be improved","Product is good, Amazon's delivery to be improved",3.0
80,Masterpiece,Amazing speed. Camera Quality can improve. fingerprint sensor is little slow,4.0
81,Worse,Fingerprint sensor is not working upto the satisfaction,1.0
82,Best,Like,5.0
83,Amazing device.,Excellent Speed and Quality of camera,5.0
84,Excellent phone,Worth the purchase for a limited edition collector's item,5.0
85,Awesome Phone.,It is Beast.,5.0
86,Fantastic mobile,Its an awsm mobile i ever had...Good go one plusü•∞,5.0
87,"Camera was not upto the mark as one plus phone's have, I have doubt on the product I have received","I really love this phones of one plus,but the camera quality of the phone is not like one plus mobile phones I think I have to return this mobile",3.0
88,Money is worth,Best,5.0
89,Just awesome,Awesome,5.0
90,Great,Great phone,5.0
91,"OnePlus 6T (Midnight Black, 8GB RAM, 128GB","OnePlus 6T (Midnight Black, 8GB RAM, 128GB",5.0
92,Amazing phone,Go for it,4.0
93,Loving it,Superbbbb,5.0
94,Oneplus Rocks!,"Oneplus rocks as usual, this is my second oneplus after 5t, I was very happy with 5t so I bought 6t for my wify, and now we r a oneplus family. Product is just awesome unless you r really unlucky, thanks to Oneplus and Amazon.",5.0
95,Awesome,Awesome,5.0
96,Best phone,Valuable phone for a one..,4.0
97,Just Awesome,Everything is best in this Phone.,5.0
98,All the best,All the best,5.0
99,FABULOUS TO CORE,Nice phone,5.0
100,Great Experience.Value for money,Happy user of One Plus 6T.,5.0
101,worth every penny,screen can be better,4.0
102,Awesome phone,Awesome phone nothing can beat OnePlus,5.0
103,Best phone with great discount from Amazon,"Great phone ,gud speed, superb camera , music can be better music not best in competition with other phones , rest all is superb",5.0
104,Good!,Great Performance! With the 8Gb random access memory your phone doesn't lag or heat up. Unlocking through finger print lags! Sometimes it even doesn't recognize! But face unlock is smooth and fast. Overall it's great!,5.0
105,Superb product one plus 6t,One plus will be always my favorite,5.0
106,Replacement of the phone,Incoming call voice was were low i had problem with this so I want to refund amount or replacement of the phone,4.0
107,Shifting from Moto G5 plus to OnePlus 6T,This is the best phone I ever used so far. Face recognition works like a thunder and the onscreen fingerprint is fast but not as fast as OnePlus 6. And there is 0% issues with performance but Being a heavy user I use my phone more often so the battery dries up by end of the day. Only good thing is charging takes only few minutes to get to 100%.,5.0
108,Excellent,Excellent,5.0
109,Ok,Not bad,4.0
110,Nice,Value for money,5.0
111,Good,"Still need to improve camera stability and low light shot not upto the mark.. Figer print sensor need more upgrate in future model. Use interface great, fast good battery.. Plz work on camera 1+",5.0
112,OnePlus 6T,Very good product,5.0
113,Radiation high,Ok good but radiation is very high,5.0
114,1+ 6T,"Fluid performance,No lag,Like iOS is for Apple and OnePlus is for Android.Superb..Cons only in camera deptIt's good and I'm not saying bad, should be better",5.0
115,Review after 2 months!!!,"Picture quality is not upto mark.However, performance and screen is amazing.Fingerprint reader is not slow but not disappointing.Battery life is long lasting (have tested with 8 hrs continuous playing of modern combat 5)",5.0
116,Totally worth,"Finger print scanner is little slow but overall best value and worth the price you are getting , awesome device and thanks amazon for delivering on time",4.0
117,Nice phone ..thanks oneplus,Good ..nice phone,5.0
118,I wnt invoice bill,Bill is not given,5.0
119,nice,nice,5.0
120,"Love the phone, but the fingerprint and face recognition needs some work","Love the phone - it's one of the best flagships out there. I bought it at full price a couple of months back.Pros:1. Fast2. Clean OS3. Plenty of internal storage4. OnePlus - a thing of beauty5. Great camera with great portrait and night modes6. Timely updates7. Free silicon case of great quality providedCons:1. Heats up when you use it continuously, even for simple activities such as browsing Quora2. In-display fingerprint sensor is quite slow. Considering I have used almost all the OnePlus models (and currently own both the 6 and 6T), the sensor is considerably slower than the counterpart3. I also use an iPhone XS Max which has only facial recognition and compared to it, the face recognition in 6T is so poor that it barely works. I have come to not rely on it at all4. A bit heavy if you use it for a long time in one hand - the phone with a tempered glass and the default OnePlus case tends to get heavyAreas for OnePlus to improve before they call themselves a flagship killer. But again, their motto is ""Never Settle"" and I hope they never settle down and keep innovating.",5.0
121,Good phone,All good. No complaints. User interface needs a bit change because all time OnePlus user gets bored with same interface. (I used OnePlus 2 before OnePlus 6t),5.0
122,performance is great....camera is average ....display looks decent...,delivery of product was little bit late took 5 days to reach me....packing was gud....received it without any damage ...now about the phone ....performance is great ....camera is average not tat great .....display is ok....till now no lag while playing pubg  ...sumtimes i felt touch was not tat responsive....battery life is also gud ....,4.0
123,Awesome,Excellent phone which I ever use,5.0
124,Awesome mobile at ‚Çπ31500,This mobile is really awesomePros:Good camera (both front and rear camera)Night scape mode is good in low light conditionFingerprint sensor and face recognition both are  very fastDisplay is awesomeCons:For me the dissapointed thing in this mobile is battery life. For a normal user it could be last up-to 10hrs but for a heavy users and gamers the battery will last up-to 6-7hrs.In some reviews the users pointed that the speaker which is on right side at the bottom  is not working.After receiving my mobile I checked it. It's really not working.so I searched in YouTube and came to know that it was a microphone.Finally the mobile is very very good.,5.0
125,Oneplus 6t Mclaren is just awesome,Mclaren is truly good mobile. I am satisfied after using it from last April. Network & Speed level are also very very useful & comfortable than any other phone,4.0
126,Very fast and I liked it's charging speed,Awesome phone.but Camera is not good as expected,5.0
127,Superb,Simply best in this price range,5.0
128,Awesomeness redefined,Awesome product for ‚Çπ32999,5.0
129,Value for money.,The finger print is a bit slow,5.0
130,Heating,Heating while using the normal call,5.0
131,OnePlus 6T,Excellent phone at this price. Face and fingerprint sensors are quick and good. Expected a better battery life but Dash charging allows rapid charge.Camera quality is awesome. Especially night scape and image stabilization are big plus. No performance issues due to high RAM and quite sufficient storage,5.0
132,Awesome Mobile,"Thanks oneplus for making this beautiful mobile. I had used almost all comanies mobile even apple also but oneplus mobile is over and above everyone. If anyone is thinking to buy, then don't think just buy it.",5.0
133,Good,Good,5.0
134,Flagship Killer.....,Superb phone picture quality was too good.Experience the actual 4g speed.Value for money,5.0
135,OnePlus 6Tü§©,The fingerprint sensor is a bit slow to recognise .. with Samsung M series mobile having battery life of around 5000 Mah OnePlus 6T seems to be have a reduced battery life . Otherwise the phone is perfect!! I luv it ‚ù§Ô∏è,4.0
136,Amazing Phone,An excellent phone with a good camera and fast charging ..the 8gb ram and a powerful processor ensures smooth and seamless performance..,5.0
137,Great Phone,Great Phone,5.0
138,Good experience,Nice performance but fingerprint reader was taking so much time but Mobile performance was good.,4.0
139,Good device.,Good battery life....fast charging.,4.0
140,Good,Can tell you much better after a month or so,4.0
141,Best phone yet,I like each and everything about this product from finger print scanner to the gameing mode the perfi is very good and very smooth...it's the best gameing phone ever for me.,5.0
142,Awesome,The bestets does not require any comments,5.0
143,Unsatisfied....üò¢üò¢üò¢,Not satisfied... Details of camera and finger print sensor are not as per the seller..,1.0
144,Good,Good one,4.0
145,Oneplus 6t,Awsome,5.0
146,Awesome phone,Must buy,5.0
147,BEST SMARTPHONE EVER,Oneplus 6T is one of the exceptionally brilliant smartphone. The most interesting feature is it's face recognition it works in the dark also.,5.0
148,Flagship killer,Everything is good value for money,5.0
149,Apps downloading promblem,That's not download apps from goggle play stores,5.0
150,Good one,It Google phone,5.0
151,Best you can get for under 40k,Simply bang for the buck,4.0
152,battery not goog,Battery is not goodscreen fingerprint takes time to unlock,4.0
153,What a phone,Better than iphone,5.0
154,Super 6t,OnePlus 6t is the best mobile I have usedüòç Thanks Amazon,5.0
155,Op mobile,One plus mobile was very great charging speed and gaming was very nice overall awesome product by one plus,5.0
156,Very good,"Phone is too good,,, charging is very quick ,camera is very good in day light some troubles in night, picture quality not remain same as daylight.And my according the only problem is on screen fingerprint.other wise very good product.",5.0
157,NEVER SETTLE,"OnePlus- the name itself suggest more than one, and it justify its tagline too.Super fast fluidic experience.First of all price- 8+128 @31499 best in this segment, that's because 1) premium class handset, super build quality. 2) display is very good. 3) battery life is very good as compared to premium Samsung phones which costs around 40+ k. 4) charging speed is best in the market. 5) I was worried about on display fingure print scanner, but it's nice to use, 95%times it's open in first touch. 6) SD845- don't need to describe more, it always deliver, gamer do consider. 7) OS- best in the market- clean, fast, premium class. 8) camera is natural, best for those who don't wants  to show themselves. 9) position of physical button are at their best place, holding it in hand feels best and premium class. 10) in everything it wins than its competitors with a large margin.Just make it your own, it will never settle you.Thanks Amazon for delivering it super fast.Thank you all",5.0
158,Best Quality,Best Quality,5.0
159,Super,Excellent mobile phone,5.0
160,Very Good Phone,Speed,5.0
161,Great phone,"Bit slow in finger sensor otherwise a great phone to use. Amazing features..Dash charging, speed, camera. Worth every penny.",5.0
162,Nice,Its working awesome,4.0
163,Super,Super product,5.0
164,Opinion about my new OnePlus 6t 8GB/128GB version,"OnePlus 6t 8GB/128GB versionLikes:-Software updates,Oxygen OS with Stock Android skin layer, No Bloatware, Build Quality, Camera, SD 845, RAM, Internal Storage, price below 33K, Customisation options.Dislikes:-No head phone jack option, No FM radio, OnePlus accessories are costly, no headphones in the package box",4.0
165,OnePlus 6t,Awesome Loving it...,5.0
166,Nice product,"Awesome phone.if any one wish to change the brand in this price category.i would suggest it is the best option.only the negative is ,no headphones",5.0
167,Budget phone,Ok phone not as compare to Samsung or iPhone they are far better than OnePlus,1.0
168,Good,"Nice phone.. fast charge, instant speed, awesome cam",5.0
169,Good mobile,Excellent working,5.0
170,Great buy!,"Amazing phone. Great camera. On top of all this, got this at a cheapest price ever.",5.0
171,Charger  problems,Charger  bed,5.0
172,only drawback i feel is unresponsive fingerprint sensor,fingerprint is a hit and miss. otherwise great phone.,5.0
173,Love oneplus,Nothing much special. But overall a good package @ 31499.,4.0
174,Amazing product at the current price of 31500 but fingerprint scanner can be its Achilles heel.,"Best in class display, camera, processor and abundant Ram and storage for all your needs. Camera is perfect for night shots and even front facing camera won't fail you even in complete darkness. I love the dash charging in this, it charges Lightning fast!!. Only problem facing till now is with the in-display fingerprint scanner at times it won't recognise your fingerprint and you have to bypass it by facial recognition (which works fine with some light) or pin.",5.0
175,Value for money,Just a lack on the side it hangs at time. Rest all features are awesome,5.0
176,Good but my expectations were more,"Fingerprint reader is very slow,  battery life is good but phone become hot easily, face recognition is gud",4.0
177,Extra ordinary,"Honestly to say this is the finest and the best smartphone i have ever used. I have used samsung, moto and op one.but the  carisma this product has is extraordinary.dont see any issue with the fingerprint. I felt the fingerprint scanner is smooth.yes sometimes there is delay in reading the fingerprint but guyz this belong to the 1st gen and what else do you expect from a 1st gen tech. i loved the product, loved everything about this product. Keep up the good work one plus team.",5.0
178,Unlock the speed,"Fingerprint reader - just keep your phone on screen and the phone unlocks, no issues as many people said they have issue with thisBattery life - it gets drain if phone is used for gaming purpose, rest it is amazing for non game usersFace recognition - it's just amazing, just tap on phone or turn the power on and as soon as you look at the phone...booom it opens in a second üòçSome functions which has make me love this phone moreAdaptive brightnessQuick gesturesRing vibration button on side (just like iPhone)Parallel apps ( just like mi dual apps)And many moreAs OnePlus tagline is unlock the speed and it's a really amazing experience when it comes to speed. It works very smoothly.Just go for it",5.0
179,Clarity of pictures is too bad,I brought it for camera but it's too bad quality of pictures... Want to return it backüòû,1.0
180,Best Phone,Just go for it without reading any negative review,5.0
181,Value for money,Got this for 33K in the sale and for that price range it was more than value for money. The fingerprint sensor did dissapoint few times but overall its worth a buy,5.0
182,Best product,Best,5.0
183,Amazing,Amazing product... delivery within 2 days..Thankyou,5.0
184,Worth the price,Excellent mobile. Worth the price. With SBI card got 1500 lesser.,5.0
185,Good,Nice,5.0
186,Awesome,Awesome phone all performance are goodüëç,5.0
187,Awesome purchase,Everything sooooooo gooooood,5.0
188,Oneplus 6t review,Firstly i will focus on the screen resolution its way better and yes high definition in every ways. Then the camera of this product its best in this range actually bestest . Lastly its best flagship phone ever i used.,5.0
189,Awesome mobile and fastest Delivery from Amazon.,Very good option one plus 6T,5.0
190,Best,Awesome,4.0
191,Best feature is the OxygenOS itself.,"OxygnOS is the only Android skin I would rather have than the Stock Android.Dash charging is super fast. Processor is the best. Display is very good.Battery backup,Sound,Camera is above average.",5.0
192,Not worth to money,Don't buy this phone within a year facing many issues in this mobile memory capacity is not working slow-motion camera is water no quality in tht no clarity in camera ippo is much then this totally it's not worth to buy this much money,1.0
193,excellent,very cheap mobile...my favorite one plus always,5.0
194,Awesome Experience,Performance and build Quality superb...,5.0
195,About phone..,Phone and looks are good.. have to use some more time to write reviews...I need bill for this phone...,4.0
196,One of the best Android smartphone,"Nothing to complain, phone works flawless and it's blazing fast, except there is no headphone jack but that is also sorted for me now since I have order Bluetooth earphones.",5.0
197,At this price we can expect good,Well you can see reviews in youtube,4.0
198,Cool phone,"Good one , faster, but no memory slot, no 3.5 audio jack, battery 3700 mAh, some time WhatsApp app stopped.I got One Plus 6T (8 & 128) for 31499, that cool thanks Amazon.",4.0
199,Really - unlock the speed,"Awesome mobile. A high speed technology, fast charging, fast face recognition, but little bit slow fingerprint scanner.",5.0
200,Total waste of money,Pathetic selfie üì∑,1.0
201,Group massage facality is not available,Fon is good,5.0
202,One + Speed,Speed is good for the new futures apps,4.0
203,Beast at its Best,"In All sense the OnePlus 6T stands true to its Tag Line of Flagship Killer, in one Word its a Beast rightly squeezed into a Sleek, Elegant Form Factor.",5.0
204,Super,üòÄüëç,4.0
205,Finger printand battery drain,Finger print not working properly and battery,1.0
206,OnePlus delivers again,Nice phone,4.0
207,Fake,I feel its not authentic one plus 6t I bought two phones but one of it is just not feeling like one plus.,1.0
208,Satisfied with the services,Liked the product,5.0
209,Best smart phone ever,Go for it. üòä,5.0
210,One plus,Now i am a oneplus fan. Because.... salute the speed,5.0
211,Hii this is awesome fone from oneplus and touch like I phone,This is really fone who has attitude never settle,5.0
212,Killer phone,"Mobile is awesome, good experience.Unlocked the speed",5.0
213,Mind blowing deal.,Purchased it at 32999. Writing the review after 3 days of purchase. First of all processor is something else it is very efficient and fast. Camera is mind blowing specially low light shots. Battery life is great after 4 pubg games above 60 calls and regular use of Insta and Facebook it turns to 15% after 22 or 23 hours.At present it is great value for money go for it.,5.0
214,Overall is good ....bt Camera quality not good,Camera quality is not upto mark...,4.0
215,Go for the speed.. it's worth it .,It's a super fast feeling . Loved all the bit and thanks Amazon to give so soon before the expected date .,5.0
216,"Not a phone, Its a machine",Amazing,5.0
217,Nice,Nice prouduct,5.0
218,Awesome at this price range,¬†Always dreamt of owning one and finally able to get my hand on it thanks to the pricedrop and discount. All things spoken about OnePlus 6T is true. It's awesome .,5.0
219,Smooth and fast,"This phone is smooth! And fast! Camera is amongst peers....wide angle better than peers ...No heating, no lagging. Overall you can't go wrong with this Phone.",5.0
220,Flagship killer,Great premium smartphone,5.0
221,RAMESWAR SAHOO,Like it,5.0
222,Good,Good quality,5.0
223,Excellent,Excellent,5.0
224,Satisfied with the product....üôè,Awesome phone!Fingerprint üíØüíØCamera üíØGaming üíØ,5.0
225,Fingerprint scanner is slow.,Fingerprint scanner is slow.,3.0
226,Uselessand irritating phone(don't be looted by 1+),"Almost useless... A simple Micromax phone is far better than this one, Don't buy this 1+6T mobile.It doesn't have any positive things to share, Everything is too bad.Camera and battery are extremely bad.User interface got zero ratings.WiFi connectivity  is too poor.Camera options/settings are very disappointing.Even Amezon app hangs on this device.Better try mi/Samsung.",1.0
227,Massive,I like so much this device.,5.0
228,Good,Never Settle üíü,5.0
229,8GB Ram ONEPLUS poor performance.,I am shocked to see that an 8GB ram with fastest proc lags. Spend 42000/- to get this ?,1.0
230,Best phone,Best phone with best spec,5.0
231,Not worth,"If you are an iPhone users than don't buy this as this phone is just another android mobile does not give you any thing extra, I have been using it for 2 months and it has started giving me problems when I am not a heavy user. It's better to stick to 6s or so or you are an Android lover than no complains as they are use to it.",3.0
232,Not upto the mark,The camera is worst... Night vision dosent work at all,3.0
233,Best hai,Oneplus the best phone in this range,5.0
234,awesome,awrsome one.,5.0
235,Dream phone,Over all nice mobile picture quality very good,5.0
236,Amazing,"The fingerprint sensor isn't as fast as my OnePlus 2 but the face unlock is super fast. The better life is amazing although there has been a small issue with the camera that turns every picture I take under artificial light, a shade darker but other than that, the phone has not disappointed.",5.0
237,i am in love with oneplus‚ù£Ô∏èüòçüòçüòÉüòÉ,amazing fabulous,5.0
238,MOST COLOURFUL PHOTO,MOST COLOURFUL PHOTO,5.0
239,Goof,Good,4.0
240,Awesome phone,Awesome phone no problem after 6 months usages,5.0
241,Gud,Gud,5.0
242,Worth buying,Good and bad both. Over all not any problem. Worth buying,5.0
243,Must buy,Wah... What a mobile.. awesome.. amazing performance..,5.0
244,Good,Good,5.0
245,Nice mobile but dissatisfied with fingerprint reader,Thanks,4.0
246,Love Oneplus,What a masterpiece.. Really loved it.,5.0
247,Good one,Battery life efficiency is less but it's a fast charger which is dominating it,5.0
248,Excellent phone,Good battery life,5.0
249,Oneplus 6T,Style & performance,5.0
250,Must buy at this price.,Worth spending the amount for this Phone,5.0
251,Waste,Waste,1.0
252,Writing this after a couple of days of use.,Simply wowsome.. a great buy for RS 31499/-Super fast device with amazing inbuilt features.,5.0
253,Nothing,GOOD,5.0
254,Review after 6 months of use,"If u compare with iphone,oneplus will surely lag in built quality,bt it will be ahead in battery performance!Pros: Camera, Battery performance, Display, Fast processorCons: Type C port for headphone, Back panel is scratch prone, 3d touch not available(available in iphone)",5.0
255,Still can't believe wasted 51000 on this piece,Switched from i phone 6 after 3 yrs use to this..the superfast processor is something which will amaze you..front camera has an issue.. will visit the service center..the phone lacks in  smartness in internal softwares..overall ok experience will switch to galaxy s10 shortly..,4.0
256,Best smartphone,Best device ever,5.0
257,Issue in front camera,I am having problem in front camera due to that face recognition is also not working,4.0
258,Nice,Good phone,5.0
259,One plus 6t,Got for ony 26k 128 gb and 8 GB ramAmazing phone very satisfied,5.0
260,Truly a FLAGSHIP KILLER. Best of all brand like Samsung and Honor in term of Speed.,"Thanks to Amazon which give me the product the next day when i ordered. Super fast delivery.But please improve your packaging quality, as no safety is there the phone box is just in a Amazon ploy bag packing.About phone:-Omgü§©This is a Beast of all android smartphone . It can literally be called as speedy device of all android phones. Camera is awesome, slow motion is not upto the mark , but overall excellent photos can be taken out from this phone . Lookwise (mirror black ) killer looks . And the phone is truly a FLAGSHIP KILLER.",5.0
261,Fault,Mobile speaker while calling producing  vibration,3.0
262,Average phone,Price drope too much disappointed,3.0
263,Best smartphone,Best smartphone out there for 40k,5.0
264,OnePlus mobile its very good quality mobile.,Ear phone jackAnd battery mh 4000 req. Customer,5.0
265,It can't get any betterüòç!!,Bought it on deal for 28K. Too much worth for money. Excellent battery performance!!,5.0
266,Clock Issue,Clock is changing time automatically when switched off & onShow wrong time again when switched off & on get's corrected,2.0
267,Summer Sale = Factory Rejected Pieces,Rejected pieces are being sold here,1.0
268,Still have room for betterment,"Finger print reader is excellent... battery performance can be improved more...face recognition ,still miles to go",4.0
269,Defective,My phone doesn't work on general mode. It's damn annoying.,1.0
270,Want to replace now and also want my money back,Want to replace now and also want my money back,1.0
271,!,Brilliant phone,5.0
272,Very Good,Superb,5.0
273,Hib,Bknk,5.0
274,Finger print won't work some time but face unlock is good,I like battery back up and slim body of this phone,5.0
275,Good phone,All rounder,4.0
276,NO. 1 PHONE,GOOD LOOKING AND SMART AND EASY TO USE,5.0
277,OnePlus 6T - a STAR performer,"I have been wanting to become part of the OnePlus family for years.An opportunity came, where there was a great deal on OnePlus phones and I grabbed it. Thanks Amazon for this.the phone is a powerhouse.everything is very very fast. Be it navigation, gaming, taking photos, online browsing or social media apps. everything is just fast.camera detailed review is there online. in lay man's language photography experience is very good. both selfie and primary cameras. Awesome results.will post additional comments once I have used it for longer period. until then super happy with the Phone.proud owner of OnePlus 6T.",5.0
278,Best phone in this price range and surely will last 3-4 years without any doubt. IA,Best phone in this price range and surely will last 3-4 years without any doubt. IA,5.0
279,Nice choice for this budget,I like all it's features but dislike unlocking speed,5.0
280,1+6t phone,Nice phone,5.0
281,Good for technology lovers,Advance phone....,5.0
282,Absolutely mind blowing,You can just go for this deal as it is premium phone..with all the features and decent pricing ...no other company is giving this features at this price..got this phone at 35.5k,5.0
283,Beast,finger print is slow,5.0
284,Excellent Device.,"Slower than Conventional Fingerprint Sensors. Best works when ur finger is super dry. Battery life is ok, but Fast charging Changes the Game altogether, face recognition is super fast.",5.0
285,Fingerprint don't like,Fingerprint,1.0
286,Best,Best,5.0
287,Fantastic,Mind blowing,5.0
288,Quality is awesome,Been a few days only. No complaints. This machine is fast .. real fast..,5.0
289,Best buy in 30 k better than poco F1 which is also charging 25 k but screen is just a treat to eye,"Guestures are not working properly forcibly using back menu configurationIn low light camera flatters and seems like budget camera ,but night scape is goodIn good lighting conditions camera shines like a flagship thanks to F1.7 aperture camera",4.0
290,EXCELLENT PHONE BY ONE PLUS.,DELIVERY BY AMAZON WAS POOR.BUT PHONE IS AWESOME RECOMMENDED TO GO FOR IT.,5.0
291,Vun,Fhbvh,5.0
292,Looks like no more consistent quality control at production line.,"One+ as a company is not trustable for it's consistent nature anymore. They came as a very promising startup and their best product so far was their first mobile One+1. I used that for 28 months and then it was dead. That was ok because of the relatively low cost. Since then the cost of the new mobiles from One+ has more than doubled, and most of the increased value is goings to Amitabh Bachan and marketing gimmicks. Remember One+ 1 was never marketed in any way other than the word of mouth and it was a brilliant product relative to its cost. Never Settle was true to it's phrase and One+ became a trusted brand for its quality. From there onwards the consistent nature of the company was on a degrading trip focusing more on gimmicks than quality. This mobile is not worth more than ‚Çπ21000  - 24000 at the most. Lots of defect mobiles is on the market and that shows the lack of quality control in the production line.",1.0
293,Excellent,Excellent mobile,5.0
294,Awesome device,No words. Awesome device.,5.0
295,7 PRO LAUNCH BASHED MID SEGMENT PHONES,We don't have a better deal than this.,5.0
296,Notch is getting heated,I want my mobile phone to be replaced. I am not feeling much statisfed with this product. It's been seven days I have purchased it. The phone is getting heat near notch area. I don't know why it is getting heated,1.0
297,Always OnePlus did Good Job,I bought oneplus 6t for just Rs 32999.00Good one... Don't compare any other smartphone.,5.0
298,Poor quality of ROM,Poor quality what I accept j didn't find very slow in gaming mode .,2.0
299,It's a value for money..!!,It's awesomeI didn't found a lag in anything,5.0
300,Noice,Noice,5.0
301,Good phone,Battery life and face recognition,5.0
302,Kati zaharrr,Overall amazing product at this discounted price!!,5.0
303,Worth The Price,"I Was Worried Whether I Should Buy This Phone Or Not After Seeing Negative Reviews But Let Me Tell You This Phone Is A Masterpiece At This Price.. Bought This Product During The Sale Nd I'm Really Happy Nd Satisfied.. Everything Thing Is Perfect Fingerprint Reader, Face Recognition, Performance The Only Concern Is Battery Life But Don't Worry It's Fine Comparing To Samsung's 4000 mah Batteries Phone It's Not Gonna Drain üòâ",5.0
304,Good experience with Amazon and with the product quality and it's packaging,Overall nice product..what could have been even better is the fingerprint sensor to be more quick.,4.0
305,2 day usage review,"Finger print reader can be more faster.Phone is awesome as of now, it's been 2 days only. Shall give full review may be after 2-3 months usage.",5.0
306,Awesome phone,Extraordinary and worth of every penny,5.0
307,fabulous oneplus,"good battery life, clean nd minimal oxygen os, nice camera",5.0
308,Excellent Product,"Must buy phone. Excellent product, it's beautiful, charging is super fast, with 10gb ram running is smooth and lag free.",5.0
309,Amit sidam,Superb phone and gread discount to purchase,5.0
310,A Beast,"A beast, no one can match and best flagship phone in market right now ..",5.0
311,Awesome,This phone is amazing,5.0
312,Awesome phone,Awesome,5.0
313,Awesome,Very nice in all things,5.0
314,Nice product...,...this mobile beats I phone in low price than I phone,5.0
315,"Flagship phone with flagship features , Good",Good choice,5.0
316,Ok,Ok,3.0
317,Best!!!!!!!,"This is an awesome phone. Awesome touch, amazing battery life and picture quality. Go for it.",5.0
318,One plus 6t unlock power,Super Phone,5.0
319,Superb Handset,It's been 2 days since I am using this phone and I am in love with my OnePlus 6t.,5.0
320,Superb,Superb,5.0
321,Is good,So nice,5.0
322,Performance ‚úì No. 1,Battery life should be more powerful 8/10Fingerprint reader 8/10Facelock 10/10Performance 10/10Design 10/10Camera 9.5/10C-type charging 10/10,5.0
323,Its best experience,I love this phone,5.0
324,Expected more,Expected more,3.0
325,We sala cup namde,Rcb fan forever,5.0
326,Keep out of stock Everytime so tht people will have another option Redmi,Thanks to one plus for keeping an offer thought if buying Redmi note 7pro was keeping on waiting Everytime I search it was not available so finally got a nice phone which is much better tht Redmi phone.,5.0
327,Superp,Perfect smartphone one plus 6T.,5.0
328,Value for money and User experience,"This is my first Oneplus and I bought this in mind that it will remain with me for at least 3 year.So things that I liked about it are display,speed and the design of phone. One of the best thing about oneplus devices is that they will give you software support for almost every phone they have ever created so far I am quiet assured that this phone will be last to 3 year without any glitches.One of the major con of this phone that I facing right now is the finger print sensor although it looks and feel good but the speed to unlock the phone that everyone wanted is still missing. Kindaa slow sometime.Best thing about oneplus that I come to know that It has a huge community and they listen to your request about user experience so if you have some issue in your phone hit the community and get your response just like in reddit.",5.0
329,Good product,"Good product, but cannot compete with apple",5.0
330,"""Never Settle"", the tagline defines it.","This is a power packed smartphone. It has an excellent camera.The fingerprint scanner is not so great but it gets better after few days of use.The face unlock is great, it compensates for the fingerprint scanner.",5.0
331,Screen is not working well,Touch is not smooth..,4.0
332,Very for Money,Over all Awesome  performance and  super camera quality  value for money,5.0
333,Amazon kindly look into the matter and revert back at the soonest.,"I didn't like the camera quality at all, its so poor , kindly resolve my issue as soon as possible.i purchased this phone from amazon on this tuesday. Hope to be attended at the soonest",2.0
334,Some issues,I having some issues on my phone touch screen,1.0
335,Feel cheated,"Bought a One Plus 6T as an anniversary gift for my wife and turns up the brand new phone is not working. Really disappointed with the product. I am myself a OnePlus user and very happy with it, but this time it's been a horrible experience.",1.0
336,Very good üëç mobile,Value for money,5.0
337,I regret buying this phone. Nothing is good about this phone,Not a good phone.. I regret buying it,1.0
338,Finger print scanner very slowly opening,Finger print scanner taking time to unlock,5.0
339,Rather but one plus 6 or 7.,"In a nutshell, the phone is just not worth the price tag it comes with.",1.0
340,Overall cool device but need some improvements for audio jack port etc.,"This phone is cool but I wish I could connect my earphones directly without connetor. While using camera in night mode or portrait mode, camera app gets closed down ( This happens sometimes and again starts normally ). Speakers are at the bottom of phone , that's bit bad for me.  It is having cool look with big screen and thin width.",4.0
341,Many software issue,"Once it's toch screen doesn't work for th whole night, fingerprint sensor still not working, frequently Network drop and many bugs",5.0
342,"Media sound is not working, dispute full volume",Media sound is not working,3.0
343,Battery issues,Battery somehow I am observing is smaller for this modelGetting drain faster.,5.0
344,Good phone,Good phone. Very fast but finger lick not working properly and face lock does not work in din light,5.0
345,Amazing,It's a wonderful phone,5.0
346,Fast n Smooth,Excellent device. Smooth scrolling. Multi tasking.,5.0
347,Oneplus 6T good phone,i bought this phone with offer Rs.31.5k and past two days i am using it.Pros:1.Processing Speed2. Camera good in low light as well as normal.3.Design4.On screen finger print5.DesignCons:1.Battery life not expected level (i need more time to give full feedback on this).,4.0
348,Value for money,Awesome,5.0
349,üîã Battery backup is almost a day for me.,üîã Battery backup is almost a day for me.,5.0
350,Awesome phone,Awesome built quality. Indisplay fingerprint scanner is a little slow as compared to normal scanner. Battery life and fast charger is damn good.,4.0
351,Really good quality,One hell of a phone. Bought it for my wife and she is a heavy user. Lasts her through the day. The best part doesn't take long to charge.,5.0
352,Fabulous Phone. Happy Customer!,"The phone arrived the very next day in prime condition, secure packaging with OTP confirmation - Amazon delivery on point!This is the first time I'm using a One Plus product and I am happy to say that this has been a great purchase and I am having a wonderful time using the phone. The face recognition is amazing - it's almost creepy!The fingerprint reader I almost never use because of the face recognition but the effects are cool.The battery life is ok especially with all the applications running in the background.I have had the best gaming experience, I didn't think it could be this good!This phone is a monster when it comes to taking photos! Low light photos look amazing!If I had to mention any disadvantage to the phone it would be:I miss the earphone jack, it's very weird to have to use the extension.",5.0
353,Great quality,It‚Äôs a very stylish phone with great quality but battery back up is not so good for heavy usage,4.0
354,Who cares,Every Niger should own one of these,4.0
355,Best Buy Ever!!,Bought this Phone twice. it just that good.,5.0
356,It's awesome,"Good service, Love to be a continue as One plus community, I am using one plus device since last 6 years and I never disappointed with Oneplus. Keep growing",5.0
357,BEST DESIGN,"LIKE- MODEL,SOUND ,PROCESS PERFORMANCE, CAMERA QUALITY VERY GOOD, BATTERY TWO DAYS USED, INTERNET BROWSING VERY VERY FAST FOR JIO NET,DISLIKE-NO HEAD PHONE JACK, NO WIRELESS CHARGE,",5.0
358,Flawless,What is even there to dislike about this product?,5.0
359,Better than any smart phone available,Beautiful product . I have been a repeat customer of OnePlus . Used 3t for 2 and  years and never disappointed with the product,5.0
360,A preliminary report,Not used the phone to its full capacity and it‚Äôs maximum capabilities.,4.0
361,Phone Silent Mode button is not working,"i have one plus 6T special edition. But having problem with Silent, Vibrate and Ring Button. How to replace the same.Thank youAjay Vadhar",1.0
362,Flagship Killer,best phone ever,5.0
363,Best thing I ever bought. Flagship in every way,Long battery life . An awesome camera. And a formfactor to die for.,5.0
364,Superb Phone,Awesome,5.0
365,Amazing fingerprint scanner,Owesome phone amazing speed nd specially i like finger print scanner More than everything,5.0
366,Excellent,"I like this phone and fingerprint ,facelock, battery life are excellent",5.0
367,Good buy.,The best!,5.0
368,Good,Good features,5.0
369,Good,Overall good phone,4.0
370,Still not up to the mark specially camera section of the phone,"The hope and name OnePlus brand is created in market is huge but camera quality is not up to the mark what I was expected and finger print sensor is not that much quick as I expected but otherwise the speed, speaker and display is super",4.0
371,Overall very good except fingerprint sensor,Mobile is sexy.Fingerprint sensor sucksBut face recognition is very good.Battery life is fine works full day...Camera is awesome,4.0
372,Superb quality and buttersmooth experience!!,Just like that!! A super smooth phone for everyone!!! Got it for an amazing price of 29000 in sale and I love everything about it. Has been using one plus 5 since 2017 and it has never given any trouble ever..so one plus has my loyalty forever now!!!,5.0
373,4stars,"Front camera, face recognition and battery life is excellent sure we can give 5 stars rest all will get 4stars, rear camera is good and takes excellent portrait pictures in day light conditions,rest all features you can get in any 20k mobiles and coming to speed since I never play games in mobiles I don't know and didn't meet any lightning speed in normal apps overall it's a good phone",4.0
374,Awesome phone!,Best One Plus phone,5.0
375,Simply awesome,"Amazing packing, original product, awesome",5.0
376,Amazing,Whoever's looking for next gen smartphone.. this is it!,5.0
377,Camera issue,Phone is very good but I am disappointed by the camera in night when I click a picture I find blue dots in it I don't know what is the probleOver all Phone is goodIs any body having this problem .,3.0
378,Amazing Product,Good,5.0
379,Completely satisfied,"The phone feels great out of the box, I've switched. It's fast as they've said it'll be, no issue what so ever. If you're looking for a top notch phone at a comparatively low price this is it.",5.0
380,Excellent phone,Excellent phone,5.0
381,Great offers great phone..OnePlus always,Real premium phone in every senseSpeaker output is the only led downNeed to try the mighty camera yet,4.0
382,Cool Handset.,Love the Phone,5.0
383,Battery discharging quickly after mobile update..,It's battery discharging even without using mobile phone...üò†üò†,3.0
384,Very good picture quality and good battery life.,Amazing experience,5.0
385,value for money,"best display i ever had, battery last long for day, camera is awesome, battery charge in just 50-55 min, just the con is there is no 3.5mm audio jack and fingerprint scanner works not too fast also fails many times",5.0
386,A very good package at awesome price,"Terrafic phone, can't complain anything. Just mind-blowing. Thank you amazon for such great offers and Khali size discountüòÇ",5.0
387,I love it,I like everything in this I love it,5.0
388,Great deal,Excellent featured phone..,5.0
389,Awesome Phone,This phone is just Awesome love it.,5.0
390,Superb,Very Superb,5.0
391,Awesome,GOOD ONE,4.0
392,Awesome phone,As expected it is good,5.0
393,Amazing experience,Very nice,4.0
394,Am very much satisfied,Just awesome,5.0
395,Excellent product,Excellent phone and a neat purchase with timely delivery... I am happy with the product,5.0
396,üî•,Fingerprint,5.0
397,Awesome phone,The phone is worth every bit dime you spend on it... I just love it!,5.0
398,Improvement required,Very advance future are seeing for this value. It's not sufficient worth as I thought.,4.0
399,This is the best phone.... Our purchased this for 32000rs summar sale.. Very happy,Just amazing,5.0
400,5 star product from 1+,"Wow, Amazing phone in Amazon, 1+ is really worthy to buy, the design, smoothness, colour, handy etc., The camera clarity is one of best thing in this mobile device, superb clarity, overall I would suggest people to go for 1+, extremely good",5.0
401,Best Phone,its best android phone .,5.0
402,Very good mobile,Very good mobile in all aspects,4.0
403,Flagship killer,"Excellent, real flagship killer",5.0
404,Alert Slider not working Properly,"Alert Slider at the first Day is not working properly.. it works for ""vibrate nd ring"" only.. unable to out on ""silent"" by alert Slider.. called customer service nd they Do not have Refund policy.. BE CAREFUL",3.0
405,Worth every penny!!,This device gives you all you can ask from a phone... there's no scope for unfulfillment of your demands or what you expected out of this gadget....based the on the specs and built it is the BEST PHONE in this price range period.,5.0
406,Camera not good,Cam clarity is very bad,2.0
407,Overall awesome product,Finger print sensor can be good,5.0
408,I hope I didn't received a refubrish phone,Didn't receive the bill with the product and the removing pin for sim was also absent.speaker is not working properly.,1.0
409,Almost perfect,The fingerprint reader is a joke,5.0
410,Camera not good as i was expecting clicking blurry photos,Phone is good but i was expecting very good quality of photos but after purchased i have some issues regarding camera most of the photos are blurry even in day light photos not satisfaction about the 6t camera as i am expecting  not getting that thing from this mobile cameraPlease fix this issue,4.0
411,IPhone to Android user,Best in the market! I neva thought Android was so fun as a iPhone user. Now I will neva go back to ios,5.0
412,Phone performance,Phone processing very slow......and  performance also.....,2.0
413,Deal worth every penny,It's a beast. Worth the buy for the discounted price.,5.0
414,Fingers print not work properly,Fingers print not proper work,3.0
415,Extremely disappointing camera,Extremely poor camera quality. Total waste of money!! The worst part - no option of return is available. Will never suggest OnePlus to anyone!!,1.0
416,On Time Delivery,"Well, the package received was in good condition. Only problem was that the delivery person was so much in hurry and was not ready for 5 minutes. Though I received sms regarding the delivery on 5th May, time was not sure. I just got a call 5 minutes before its delivery from the delivery person. I was about to go out. I expect call to be received atleast  half an hour before its expected delivery. Rest was fine.",4.0
417,Usless phone,Not working in 6 months,1.0
418,A good pone with great features,"Just purchased OP 6T with 8gb ram and 128 gb rom with stunning camera features. Even though it has 3700 mAh battery,  it lasts almost 1 1/days.  Its a value for money. The seller service is also excellent and has given flash service.  Thanks to Amazon.",5.0
419,Magnificent,Just the product itself. ü•∞ü•∞,5.0
420,Good pruduct,On screen finger print is little bit slow,5.0
421,Product Missing,I got my OnePlus 6T yesterday but I found that the ear phones were missing....So please help me clear this issue...,3.0
422,good to use,"nice product and i using still now, very good one, battery, sound picture and camera quality are very nice.",5.0
423,Nice,Nice,5.0
424,Good best,Nice,5.0
425,"Best in class in price , userecperience and specs","What a amazing phone in this price range . Its probably best phone to buy this time. You are getting top specs in processor, camera , Ram, memory.",5.0
426,Checks all the right notes,"I like phones with smaller form factor, easy to keep in pocket. But today's phone market is about large phones, so took the plunge. Oneplus 6t is one helluva phone. Would recommend to everyone.",5.0
427,Battery life and camera quality.,"Camera quality not good as per describe, battery life is also not good only maximum 6 hours after full charge for using net. No any help about by team",2.0
428,Awesome Buy,"Got this recently with hopping discount of almost 11k, adding 6.5k with my current Redmi Note5 Pro, got this beast in 25k effectively. About features, everything is top class.Performance , features, Camera, Battery, look etc",5.0
429,Good product,Good deal,5.0
430,Not good in camera,Poor in sensors,3.0
431,Good Features,Value for money,5.0
432,One plus 6T,"Excellent features and good working performance, Camera also superb",5.0
433,Hang problem,Some times hang during instagram or Facebook messenger use...even if storage ki 25% occupied only....and while using netflix....green screen or disturbed picture screen appears sometimes....,4.0
434,Amazingly Fast..!!,Loved it.,5.0
435,Overall ok,I am facing the issue that when u press the power button the phone is suppose to lock but it is not so....you can unlock it by swiping up......though it is suppose to unlock using face I'd or fingerprint or password.....,4.0
436,Battery drainage.,Battery is draining fast.,5.0
437,Brilliant phone.,The fingerprint sensor doesnot work half of the time but the prompt face unlock does the job everytime even in low light conditions. Overall the phone is superb.I was a bit apprehensive on buying it since the last model but i am glad that i made this choice.Kudos to amazon for delivering the product within 24 hrs.I just fell in love with this peice of technology.,5.0
438,Great product,This phone have a great battery life. One of the best and smooth phones.,5.0
439,Over charged and poor performance,Also as I have seen that I have paid 37999 rs. For 6 GB Ram and 128GB ROM handset purchased on 23-01-19 and now you offer 8 GB Ram and 128GB ROM handset only 32999 rs.It's such a cheated things... As I have been over charged,1.0
440,Hdcf bank applying 18% taxes along with emi,Hdfc bank is applying taxes @18% rate and the emi was no cost but still hdfc bank asking for 18%taxes .....please Amazon intervention in this case and remove all the emi taxes as it was deal with  6month no cost emi,2.0
441,Ultra Fast device,"Super awesome device with lots of customizations and smooth UI, game play, etc. Thanks to oneplus for such an amazing experience. Just hoping improvements on fingerprint scanner via software upgrades as it often fails to recognize the finger print.",5.0
442,Great phone but the charger not working effeciently n the battery doesn't work well.,Been using OnePlus n it's dash charger for years now. The charger I received with my new OnePlus 6t is not working effeciently work as the OnePlus 6 charger I have. Hope the issue is just with the charger not the phone.PS Great phone though. Happy with it. Battery life is not efficient too.Was hoping to just replace the charger.,2.0
443,Good phone,Nice one,5.0
444,Best,Best,5.0
445,Oneplus 6T,"As usual, it's mind blowing üòé",5.0
446,Awesome phone,Awesome phone..... At an awesome price of 31500....really a good phone to buy.,5.0
447,good,Good phone. I am already using 1+ phone,4.0
448,Ok,Nice product,4.0
449,Face unlock super,Good product,5.0
450,Over all good but in the box I didn't get the sim ejector,Sim ejector not came in the box,4.0
451,Good phone,Pros:Blazing fastGood face unlockGreat user experienceCons :Fingerprint scanner ( it's very irritating )Also I didn't like the price the brand is increasing with every phone,4.0
452,OnePlus 6T,An awesome product from one plus again...,4.0
453,Flagship killers,Awesome,4.0
454,Quality,The camera quality is not good,1.0
455,Superb phone in the price range 30000 to 35000.,"Superb phone with superb features,but fingerprint reader is takeling little seconds than others for unlock the mobile,otherwise it's an owsem product by one plus,I also want to thank Amazon for appreciable services like 1 day dilevery and offer etc...",5.0
456,Price dropped after I purchased one plus 6T,Price dropped for about Rs. 5000 within weeks of my purchase. My heart broke on seeing it. Is there anyway to compensate my loss .,4.0
457,Best Phone till date,"Hi Guys !There are already thousands of positive reviews about the phone, but I still want to share my experience. I purchased it couple of days back on ‚ÄòSummer Sale‚Äô. I was previously using OnePlus 3T for last 3years.Pros of this Phone1. Value for money2. Camera quality3. Display size and quality4. Battery life5. Speed6. Aesthetics7. Loudspeaker quality8. Latest OsCons1. Fingerprint sensor could be better responsive2. Missing notification ledOverall a very good deal.",5.0
458,Require bill,Phone is awsm bt i dint get bill with my order plzz send bill to us....,4.0
459,Best smartphone.,Best smartphone in the world i love it....,5.0
460,IT'S A CHINESE PHONE,"Dear All always remember that the ONE  PLUS  is a CHINESE  PHONE maker company.... rest you all are capable to understand, try not to promote Chinese product.....",1.0
461,Amazing Product..,Fully satisfied with the product.Really OnePlus 6T amazing mobile. Everything is good but only drawback is fingerlock sensor is not up to mark.,5.0
462,Premium look,Awesome mobile,5.0
463,Superb,Superb,5.0
464,Couldn't ask for more!,"Like the sleek look, smooth and easy to use functions and ofcourse awesome clarity of the screen.",5.0
465,Costly than one plus 7...,After one plus launch...I feel very bad....one plus 7 is cheap than one plus 6t....one plus 6t has not 5G support... otherwise it is a good phone,1.0
466,One plus 6t rocks!,Awesome phone,5.0
467,Value for money,Value for money,5.0
468,Perfect Premium Smart phone,Best phone...,5.0
469,Speed,Awesome speed like Superman,5.0
470,Super,Super,5.0
471,OnePlus6T- Purchase on 04/05/2019,"""The Beast"" overall and a I-Phone of Android version. It's fully loaded with features, Camera is WOW, Battery backup is good with 3700 mAh battery. Overall all if you have the capability to spend ~35K then go for this and I bet you won't regret it.",5.0
472,After using 3 months,"Pros - ram, space, camera, comfort, sound quality, supportive softwares, speed, touch, display quality, battery.Cons - inbuilt fingerprint sensor doesn't open in fraction of seconds",5.0
473,Good pho e,Good phone,5.0
474,Its performance is excellent,just want to say worth it.display:so good.u will love itBattery:sooo gooodsound:decentface lock:best everfingerprint:not good(in my device),5.0
475,Kadak ek no.,Mast ekdum sexy phone,5.0
476,Lives upto the tagline,Real flagship killer üëèüèæ,4.0
477,This is Yum,"Well there nothing you won't like about the phone. Maybe the only fact that it doesn't have a headphone jack. But ppl we need to move the newer gen of wireless. Face recognition is too fast. Battery is pretty good amount. I would tell the reader. Don't hesitate you will have done a good choice by investing in this phone. Buyers, happiness starts for you.",5.0
478,Worthy,"It heats up once I plug- in to charger. If that happens with any of you, please get the battery replaced asap else the phone performance will degrade",3.0
479,Super phone,It's very nice.,5.0
480,Value for money,Everything is perfect,5.0
481,Smooth and speedy,Best phone at reasonable price,5.0
482,Oneplus rockz,The product is brilliant,5.0
483,One plus is the new giant,Still one the best in market. Superfast phone and as smooth as silk.,5.0
484,look,good,5.0
485,Definitely a Must buy,Great product.Worth for the investment.Never settle,5.0
486,Increase battery life,Battery discharges fast,5.0
487,Good,Good,5.0
488,Super power,Beast phone,5.0
489,Worth the money spent,"Love the phone , fast face recognition and good battery life but only thing earphones are not included.",5.0
490,Damaged Product,Screen flickering issue faced within 3 days of useMicrophone problem,1.0
491,Wow,Just a g8 product,5.0
492,Best phone ever,I really like the speed and faceunlockSuper smooth touch really like it,5.0
493,ok,Superb,5.0
494,Nice phone,Nice performance,4.0
495,Fingerprint reader option is pathetic in one plus,Fingerprint reader didn't work properly for me,4.0
496,Extremly Good,Best Phone for Android lovers and others too. Great Built in quality and no question of Hanging.,5.0
497,4.5 out of 5,"It's a awesome device in this range SD845 and 8 GB ram provides awesome performance. Face unlock is unbelievable within in second to unlock the device about fingerprint it's also work fine,Pubg is run like butter smooth ......camera is also good. Go with this premium device.",4.0
498,4 and half* overall,stars shows performance level..üòëüñêÔ∏è,4.0
499,worst phone,after 15 day of use earpiece is not working,1.0
